id,prompt,essay
X01,Essay Prompt 1,This is a placeholder essay for the first prompt.
X02,Essay Prompt 1,This is another placeholder essay for the first prompt.
X03,Essay Prompt 1,Replace this sentence with a student's essay.
X04,Essay Prompt 1,This short essay is only here to show the file format.
X05,Essay Prompt 2,This is a placeholder essay for the second prompt.
X06,Essay Prompt 2,This is another placeholder essay for the second prompt.
X07,Essay Prompt 2,Replace this sentence with a student's essay.
X08,Essay Prompt 2,This short essay is only here to show the file format.
X09,Essay Prompt 3,This is a placeholder essay for the third prompt.
X10,Essay Prompt 3,This is another placeholder essay for the third prompt.
X11,Essay Prompt 3,Replace this sentence with a student's essay.
X12,Essay Prompt 3,This short essay is only here to show the file format.
